Workbook

Sheet Checklist
A1: # | B1: Phase | C1: Owner | D1: Milestone | E1: Definition of Done | F1: Est. Time | G1: Status | H1: Notes
A2: 1 | B2: Pre-work | C2: All | D2: Read the guide | E2: Every team member has read the Candidate Guide and the JD/Resume pack before 9:30 | F2: Before day starts | G2: Not Started
A3: 2 | B3: 1 | C3: All | D3: Understand your role | E3: Each person can explain what they're building and exactly what they're handing off / receiving | F3: 15 min | G3: Not Started
A4: 3 | B4: 1 | C4: All | D4: Data contract locked | E4: Shared JSON schema for skills/profile/match agreed and written down somewhere everyone can see | F4: 30 min | G4: Not Started
A5: 4 | B5: 1 | C5: All | D5: Environment ready | E5: Python env, React scaffold, and sample JD/resume files accessible to everyone; each person can run a hello-world for their piece | F5: 15 min | G5: Not Started
A6: 5 | B6: 2 | C6: JD Analytics | D6: JD text extraction | E6: Can load a PDF or DOCX JD and extract raw text | F6: 30 min | G6: Not Started
A7: 6 | B7: 2 | C7: JD Analytics | D7: JD skill extraction | E7: Produces a structured skill list in the agreed format for at least 3 of the 6 sample JDs | F7: 60 min | G7: Not Started
A8: 7 | B8: 2 | C8: Resume Parsing | D8: Resume text extraction | E8: Can load a PDF or DOCX resume and extract raw text | F8: 30 min | G8: Not Started
A9: 8 | B9: 2 | C9: Resume Parsing | D9: Resume skill extraction | E9: Produces a structured skill list in the agreed format for at least 2 of the 4 sample resumes | F9: 60 min | G9: Not Started
A10: 9 | B10: 2 | C10: Profile Builder | D10: Profile form complete | E10: Captures basic details, skills, hackathons/internships, certifications, preferred roles, and CV upload | F10: 60 min | G10: Not Started
A11: 10 | B11: 2 | C11: Profile Builder | D11: Profile save/load + merge | E11: A saved profile can be reloaded, and skills from Resume Parsing's output can be merged in | F11: 45 min | G11: Not Started
A12: 11 | B12: 2 | C12: Talent Check | D12: Company skillset data loads | E12: Can load a company's 12-skillset requirement snapshot | F12: 30 min | G12: Not Started
A13: 12 | B13: 2 | C13: Talent Check | D13: Talent Check scoring | E13: Comparing a saved profile to a selected company produces a readiness score and a per-skillset gap list | F13: 60 min | G13: Not Started
... A21: 20 | B21: 4 | C21: All | D21: Demo rehearsed | E21: Live demo rehearsed at least once, end to end, without a mentor's help | F21: 15 min | G21: Not Started

Sheet Summary
A1: RADIX Talent Match Hackathon — Progress Summary
A3: Total milestones | B3: =COUNTA(Checklist!A2:A21) -> 20
A4: Done | B4: =COUNTIF(Checklist!G2:G21,"Done") -> 0
A5: In Progress | B5: =COUNTIF(Checklist!G2:G21,"In Progress") -> 0
A6: Blocked | B6: =COUNTIF(Checklist!G2:G21,"Blocked") -> 0
A7: Not Started | B7: =COUNTIF(Checklist!G2:G21,"Not Started") -> 20
A8: % Complete | B8: =B4/B3 -> 0
A10: By Phase
A12: Pre-work | B12: =COUNTIF(Checklist!B2:B21,A12) -> 1 | C12: =COUNTIFS(Checklist!B2:B21,A12,Checklist!G2:G21,"Done") -> 0 | D12: =IF(B12=0,0,C12/B12) -> 0
A13: 1 | B13: =COUNTIF(Checklist!B2:B21,A13) -> 3 | C13: =COUNTIFS(Checklist!B2:B21,A13,Checklist!G2:G21,"Done") -> 0 | D13: =IF(B13=0,0,C13/B13) -> 0
A14: 2 | B14: =COUNTIF(Checklist!B2:B21,A14) -> 10 | C14: =COUNTIFS(Checklist!B2:B21,A14,Checklist!G2:G21,"Done") -> 0 | D14: =IF(B14=0,0,C14/B14) -> 0
A15: 3 | B15: =COUNTIF(Checklist!B2:B21,A15) -> 4 | C15: =COUNTIFS(Checklist!B2:B21,A15,Checklist!G2:G21,"Done") -> 0 | D15: =IF(B15=0,0,C15/B15) -> 0
A16: 4 | B16: =COUNTIF(Checklist!B2:B21,A16) -> 2 | C16: =COUNTIFS(Checklist!B2:B21,A16,Checklist!G2:G21,"Done") -> 0 | D16: =IF(B16=0,0,C16/B16) -> 0
A17: By Owner
A18: Owner | B18: Total | C18: Done | D18: % Done
A19: All | B19: =COUNTIF(Checklist!C2:C21,A19) -> 10 | C19: =COUNTIFS(Checklist!C2:C21,A19,Checklist!G2:G21,"Done") -> 0 | D19: =IF(B19=0,0,C19/B19) -> 0
A20: JD Analytics | B20: =COUNTIF(Checklist!C2:C21,A20) -> 2 | C20: =COUNTIFS(Checklist!C2:C21,A20,Checklist!G2:G21,"Done") -> 0 | D20: =IF(B20=0,0,C20/B20) -> 0
A21: Resume Parsing | B21: =COUNTIF(Checklist!C2:C21,A21) -> 2 | C21: =COUNTIFS(Checklist!C2:C21,A21,Checklist!G2:G21,"Done") -> 0 | D21: =IF(B21=0,0,C21/B21) -> 0
A22: Profile Builder | B22: =COUNTIF(Checklist!C2:C21,A22) -> 2 | C22: =COUNTIFS(Checklist!C2:C21,A22,Checklist!G2:G21,"Done") -> 0 | D22: =IF(B22=0,0,C22/B22) -> 0
A23: Talent Check | B23: =COUNTIF(Checklist!C2:C21,A23) -> 2 | C23: =COUNTIFS(Checklist!C2:C21,A23,Checklist!G2:G21,"Done") -> 0 | D23: =IF(B23=0,0,C23/B23) -> 0
A24: Skill Matching | B24: =COUNTIF(Checklist!C2:C21,A24) -> 2 | C24: =COUNTIFS(Checklist!C2:C21,A24,Checklist!G2:G21,"Done") -> 0 | D24: =IF(B24=0,0,C24/B24) -> 0
